{
    "t_shirt":{
        "boston":{
            "product_name":"Boston University Victory Short Sleeve T-Shirt",
            "product_link":"https://raw.githubusercontent.com/ajaymarampally/collegewear/main/src/img/t_shirts/boston.webp",
            "product_rating":"3.5",
            "product_review_cnt":"5",
            "product_price":"$34",
            "product_available_sizes":[0,1,2,3],
            "product_description":["BU League Victory Falls Triblend Short Sleeve T-Shirt - Heather Liberty Navy"],
            "product_reviews":["Product is really awesome!","Perfect fit!","Good color","Nice discount on the product!", "I love this product"],
            "product_discount_percentage":"40%",
            "product_color":[8]

        },
        "clemson":{
            "product_name":"Men's Champion Gray Clemson Tigers Big & Tall Arch Over Wordmark T-Shirt",
            "product_link":"https://raw.githubusercontent.com/ajaymarampally/collegewear/main/src/img/t_shirts/clemson.webp",
            "product_rating":"3.5",
            "product_review_cnt":"3",
            "product_price":"$20.99",
            "product_available_sizes":[0,1,2,3,4],
            "product_description":["Product ID: 449","Material: 100% Cotton","Screen print graphics","Crew neck","Short sleeve"],
            "product_reviews":["Product is really awesome!","Perfect fit!","Good color"],
            "product_discount_percentage":"10%",
            "product_color":[5]
        },
        "n_eastern":{
            "product_name":"Northeastern Champion 100% Cotton T-Shirt",
            "product_link":"https://raw.githubusercontent.com/ajaymarampally/collegewear/main/src/img/t_shirts/n_eastern.webp",
            "product_rating":"3",
            "product_review_cnt":"4",
            "product_price":"$19.98",
            "product_available_sizes":[0,1,2,3,4],
            "product_description":["Set-in neck rib Heat transfer label at back neck","Short sleeve","100% Cotton"],
            "product_reviews":["Product is really awesome!","Perfect fit!","Good color","Nice discount on the product!"],
            "product_discount_percentage":"15%",
            "product_color":[9]
        },
        "n_eastern_huskies":{
            "product_name":"Men's Champion Heathered Gray Northeastern Huskies Ultimate Tri-Blend T-Shirt",
            "product_link":"https://raw.githubusercontent.com/ajaymarampally/collegewear/main/src/img/t_shirts/n_eastern_huskies.webp",
            "product_rating":"3.5",
            "product_review_cnt":"3",
            "product_price":"$27.99",
            "product_available_sizes":[0,1,2,3,4],
            "product_description":["Material: 50% Polyester/37% Cotton/13% Rayon","Double-stitched seams","Ribbed crew neck","Embroidered logo"],
            "product_reviews":["Product is really awesome!","Perfect fit!","Good color"],
            "product_discount_percentage":"12%",
            "product_color":[5]
        },
        "ncsu":{
            "product_name":"NC State Wolfpack TRT White Wolfhead Alumni T-Shirt",
            "product_link":"https://raw.githubusercontent.com/ajaymarampally/collegewear/main/src/img/t_shirts/ncsu.webp",
            "product_rating":"3",
            "product_review_cnt":"4",
            "product_price":"$18.99",
            "product_available_sizes":[1,2,4],
            "product_description":["100% Cotton","Screen printed design with the Wolfhead logo","Short sleeve"],
            "product_reviews":["Product is really awesome!","Perfect fit!","Good color","Nice discount on the product!"],
            "product_discount_percentage":"14%",
            "product_color":[9]
        },
        "rit":{
            "product_name":"Rochester Institute Of Technology Tigers Apparel Store",
            "product_link":"https://raw.githubusercontent.com/ajaymarampally/collegewear/main/src/img/t_shirts/rit.webp",
            "product_rating":"4",
            "product_review_cnt":"3",
            "product_price":"$18.74",
            "product_available_sizes":[0,1,2,3,4],
            "product_description":["100% Pre-shrunk 5 oz. Cotton Jersey","Athletic Heather is 90% cotton/10% polyester","Two-needle hemmed sleeves and bottom","Seamless 1x1 rib collar with two-needle coverstitching on front neck"],
            "product_reviews":["Great shirt. I don't know where else it would be available. Unique. I would prefer it without the 2020 which is irrelevant to the theme.","this is a great t-shirt! Top quality material, the graphics are clean and crisp. Top notch product all the way around!!!","I really like it and its really comfortable."],
            "product_discount_percentage":"25%",
            "product_color":[9]
        },
        "u_buffalo":{
            "product_name":"University at Buffalo Bulls Short Sleeve T-Shirt",
            "product_link":"https://raw.githubusercontent.com/ajaymarampally/collegewear/main/src/img/t_shirts/u_buffalo.jpg",
            "product_rating":"3",
            "product_review_cnt":"3",
            "product_price":"$22.50",
            "product_available_sizes":[0,1,2,3],
            "product_description":["Casual is the rage In this campus t-shirt.","100% Cotton","Short sleeve"],
            "product_reviews":["Product is really awesome!","Perfect fit!","Good color"],
            "product_discount_percentage":"25%",
            "product_color":[7]
        },
        "u_florida":{
            "product_name":"University of Florida Gators Victory Falls T-Shirt",
            "product_link":"https://raw.githubusercontent.com/ajaymarampally/collegewear/main/src/img/t_shirts/u_florida.webp",
            "product_rating":"4.5",
            "product_review_cnt":"3",
            "product_price":"$36",
            "product_available_sizes":[0,1,2,3,4],
            "product_description":["Short sleeve t-shirt has a crazy combo of fabrics that make it incredibly soft with a lived-in feel right from the start.","100% Cotton","Two-needle hemmed sleeves and bottom","Seamless 1x1 rib collar with two-needle coverstitching on front neck"],
            "product_reviews":["Product is really awesome!","Perfect fit!","Good color"],
            "product_discount_percentage":"15%",
            "product_color":[6]
        },
        "u_mass":{
            "product_name":"UMASS BASKETBALL BASIC S/S TEE ",
            "product_link":"https://raw.githubusercontent.com/ajaymarampally/collegewear/main/src/img/t_shirts/u_mass.webp",
            "product_rating":"4",
            "product_review_cnt":"3",
            "product_price":"$24.98",
            "product_available_sizes":[0,1,2,3],
            "product_description":["Unisex short-sleeve tee in dark grey featuring basketball printed across the chest.","100% Cotton","Short sleeve"],
            "product_reviews":["Product is really awesome!","Perfect fit!","Good color"],
            "product_discount_percentage":"10%",
            "product_color":[6]
        },
        "uc_davis":{
            "product_name":"UC Davis Aggies Fanatics Branded Basic Arch Expansion T-Shirt - Navy",
            "product_link":"https://raw.githubusercontent.com/ajaymarampally/collegewear/main/src/img/t_shirts/uc_davis.webp",
            "product_rating":"4",
            "product_review_cnt":"3",
            "product_price":"$13.49",
            "product_available_sizes":[3,4],
            "product_description":["100% Cotton","Short sleeve","Arch neck","Two-needle hemmed sleeves and bottom","Seamless 1x1 rib collar with two-needle coverstitching on front neck"],
            "product_reviews":["Product is really awesome!","Perfect fit!","Good color"],
            "product_discount_percentage":"20%",
            "product_color":[7]
        },
        "uc_san_diego":{
            "product_name":"UC San Diego Classic T-Shirt ",
            "product_link":"https://raw.githubusercontent.com/ajaymarampally/collegewear/main/src/img/t_shirts/uc_san.webp",
            "product_rating":"4",
            "product_review_cnt":"3",
            "product_price":"$21.95",
            "product_available_sizes":[3,4],
            "product_description":["100% Cotton","Short sleeve","Arch neck","Two-needle hemmed sleeves and bottom","Seamless 1x1 rib collar with two-needle coverstitching on front neck"],
            "product_reviews":["Product is really awesome!","Perfect fit!","Good color"],
            "product_discount_percentage":"30%",
            "product_color":[7]
        },
        "uic":{
            "product_name":"Men's Fanatics Branded Navy UIC Flames Primary Logo T-Shirt",
            "product_link":"https://raw.githubusercontent.com/ajaymarampally/collegewear/main/src/img/t_shirts/uic.webp",
            "product_rating":"4.5",
            "product_review_cnt":"3",
            "product_price":"$18.69",
            "product_available_sizes":[0,1,2,3,4],
            "product_description":["Material: 100% Cotton","Screen print graphics","Brand: Fanatics","Short sleeve"],
            "product_reviews":["Product is really awesome!","Perfect fit!","Good color"],
            "product_discount_percentage":"15%",
            "product_color":[9]

        }
    },
    "shorts":{
        "boston":{
            "product_name":"Men's Scarlet Boston University Pocketed Shorts",
            "product_link":"https://raw.githubusercontent.com/ajaymarampally/collegewear/main/src/img/shorts/boston.webp",
            "product_rating":"4.5",
            "product_review_cnt":"4",
            "product_price":"$54",
            "product_available_sizes":[0,1,2,3,4],
            "product_description":["No one can touch your Boston University fandom, no matter how hard they try."," Elevate it even further when you grab these Boston University Pocketed Shorts."," These shorts feature crisp graphics that are perfect for showing your Boston University spirit on game days."],
            "product_reviews":["Product is really awesome!","Perfect fit!","Good color"],
            "product_discount_percentage":"25%",
            "product_color":[8]
        },
        "clemson":{
            "product_name":"Men's Colosseum Charcoal Clemson Tigers Turnover Shorts",
            "product_link":"https://raw.githubusercontent.com/ajaymarampally/collegewear/main/src/img/shorts/clemson.webp",
            "product_rating":"4",
            "product_review_cnt":"3",
            "product_price":"$23.99",
            "product_available_sizes":[0,2,3,4],
            "product_description":["Material: 100% Polyester","Size M has a 10&quot; inseam","Elastic waistband with drawstring","Embroidered fabric applique"],
            "product_reviews":["Product is really awesome!","Perfect fit!","Good color"],
            "product_discount_percentage":"20%",
            "product_color":[5]
        },
        "n_eastern":{
            "product_name":"Northeastern Raid Short 3.0",
            "product_link":"https://raw.githubusercontent.com/ajaymarampally/collegewear/main/src/img/shorts/n_eastern.webp",
            "product_rating":"4.5",
            "product_review_cnt":"3",
            "product_price":"$49.98",
            "product_available_sizes":[0,3,4],
            "product_description":["Raid short with performance moisture transport system. Wicks sweat and dries fast.","Encased elastic waistband with external draw cord, mesh hand pockets, inseam 9 inch.","100% polyester. Imported."],
            "product_reviews":["Product is really awesome!","Perfect fit!","Good color"],
            "product_discount_percentage":"18%",
            "product_color":[5]
        },
        "n_eastern_huskies":{
            "product_name":"Men's Red Northeastern Huskies Pocketed Shorts",
            "product_link":"https://raw.githubusercontent.com/ajaymarampally/collegewear/main/src/img/shorts/n_eastern_huskies.jpg",
            "product_rating":"3",
            "product_review_cnt":"3",
            "product_price":"$54.99",
            "product_available_sizes":[0,1,2,3,4],
            "product_description":["Material: 100% Polyester","Inseam measures approx. 11'","Elastic waistband with drawstring","Embroidered logo"],
            "product_reviews":["Product is really awesome!","Perfect fit!","Good color"],
            "product_discount_percentage":"20%",
            "product_color":[8]
        },
        "ncsu":{
            "product_name":"NC State Wolfpack Red Very Through Wolfhead Shorts",
            "product_link":"https://raw.githubusercontent.com/ajaymarampally/collegewear/main/src/img/shorts/ncsu.webp",
            "product_rating":"3",
            "product_review_cnt":"3",
            "product_price":"$33.99",
            "product_available_sizes":[2,3,4],
            "product_description":["100% Polyester","Screen printed Wolfhead logo on the left pantleg ","Elastic waistband with drawcords"],
            "product_reviews":["Product is really awesome!","Perfect fit!","Good color"],
            "product_discount_percentage":"20%",
            "product_color":[8]
        },
        "rit":{
            "product_name":"Men's Black Rochester Institute of Technology Tigers Pocketed Shorts",
            "product_link":"https://raw.githubusercontent.com/ajaymarampally/collegewear/main/src/img/shorts/rit.webp",
            "product_rating":"3",
            "product_review_cnt":"3",
            "product_price":"$54.99",
            "product_available_sizes":[0,1,2,3,4],
            "product_description":["Material: 100% Polyester","Inseam measures approx. 11'","Elastic waistband with drawstring","Embroidered logo"],
            "product_reviews":["Product is really awesome!","Perfect fit!","Good color"],
            "product_discount_percentage":"14%",
            "product_color":[5]
        },
        "u_buffalo":{
            "product_name":"University at Buffalo Bulls Shorts",
            "product_link":"https://raw.githubusercontent.com/ajaymarampally/collegewear/main/src/img/shorts/u_buffalo.jpg",
            "product_rating":"4",
            "product_review_cnt":"3",
            "product_price":"$40.99",
            "product_available_sizes":[0,2,3,4],
            "product_description":["Sport a great look in these men's campus Fly 2.0 shorts by Nike."," These shorts feature crisp graphics that are perfect for showing your University spirit on game days."],
            "product_reviews":["Good color","Great shirt. I don't know where else it would be available. Unique. I would prefer it without the 2020 which is irrelevant to the theme.","Perfect fit!"],
            "product_discount_percentage":"30%",
            "product_color":[9]
        },
        "u_florida":{
            "product_name":"Men's Jordan Brand Charcoal Florida Gators Practice Performance Shorts",
            "product_link":"https://raw.githubusercontent.com/ajaymarampally/collegewear/main/src/img/shorts/u_florida.webp",
            "product_rating":"4",
            "product_review_cnt":"3",
            "product_price":"$39.99",
            "product_available_sizes":[0,2,3,4],
            "product_description":["Material: 88% Polyester/12% Spandex ","Dri-FIT ® technology wicks away moisture","Elastic waistband with drawstring","Embroidered logo"],
            "product_reviews":["Product is really awesome!","Perfect fit!","Good color"],
            "product_discount_percentage":"15%",
            "product_color":[9]
        },
        "u_mass":{
            "product_name":"PRIVATE RESIDENCE SHORT - MAROON",
            "product_link":"https://raw.githubusercontent.com/ajaymarampally/collegewear/main/src/img/shorts/u_mass.jpg",
            "product_rating":"4",
            "product_review_cnt":"3",
            "product_price":"$39.98",
            "product_available_sizes":[1,2,3,4],
            "product_description":["100% Polyester","Inseam measures approx. 11'","Elastic waistband with drawstring","Embroidered logo"],
            "product_reviews":["Product is really awesome!","Perfect fit!","Good color"],
            "product_discount_percentage":"20%",
            "product_color":[8]
        },
        "uc_davis":{
            "product_name":"League 91 UC Davis Triblend Jogger Shorts Heather",
            "product_link":"https://raw.githubusercontent.com/ajaymarampally/collegewear/main/src/img/shorts/uc_davis.jpg",
            "product_rating":"3",
            "product_review_cnt":"3",
            "product_price":"$53.99",
            "product_available_sizes":[0,1,2,3,4],
            "product_description":["Made of a tri-blend of 55% Cotton, 43% Polyester, and 2% Rayon for a soft, yet warm design","UC Davis Aggies 1908 silk screened lower left leg. Dual front pockets, one rear pocket, and over size front drawstings","Elastic waistband with drawstring","Embroidered logo"],
            "product_reviews":["Product is really awesome!","Perfect fit!","Good color"],
            "product_discount_percentage":"10%",
            "product_color":[9]
        },
        "uc_san_diego":{
            "product_name":"Collegiate Jogger Shorts by League - Navy",
            "product_link":"https://raw.githubusercontent.com/ajaymarampally/collegewear/main/src/img/shorts/uc_san.jpg",
            "product_rating":"4.5",
            "product_review_cnt":"3",
            "product_price":"$45.99",
            "product_available_sizes":[0,1,2,3,4],
            "product_description":["Shorts featuring UC San Diego over Tritons on the left leg.","50% polyester/40% cotton/10% rayon"],
            "product_reviews":["Product is really awesome!","Perfect fit!","Good color"],
            "product_discount_percentage":"12%",
            "product_color":[7]
        },
        "uic":{
            "product_name":"Men's Navy UIC Flames Pocketed Shorts",
            "product_link":"https://raw.githubusercontent.com/ajaymarampally/collegewear/main/src/img/shorts/uic.webp", 
            "product_rating":"4",
            "product_review_cnt":"3",
            "product_price":"$46.74",
            "product_available_sizes":[0,1,2,4],
            "product_description":["Material: 100% Polyester","Two front slip pockets","Elastic waistband with drawstring","Embroidered logo"],
            "product_reviews":["Product is really awesome!","Perfect fit!","Good color"],
            "product_discount_percentage":"15%",
            "product_color":[7]
        }

    },
    "hoodies":{
        "boston":{
            "product_name":"BU Champion Powerblend Sweatshirt",
            "product_link":"https://raw.githubusercontent.com/ajaymarampally/collegewear/main/src/img/hoodies/boston.webp",
            "product_rating":"4",
            "product_review_cnt":"3",
            "product_price":"$36.98",
            "product_available_sizes":[0,1,2,3,4],
            "product_description":["Rib knit at neck, cuffs and waistband"],
            "product_reviews":["Product is really awesome!","Perfect fit!","Good color"],
            "product_discount_percentage":"30%",
            "product_color":[8]
        },
        "clemson":{
            "product_name":"Men's Colosseum Charcoal Clemson Tigers Arch & Logo 3.0 Pullover Hoodie",
            "product_link":"https://raw.githubusercontent.com/ajaymarampally/collegewear/main/src/img/hoodies/clemson.jpg",
            "product_rating":"4",
            "product_review_cnt":"3",
            "product_price":"$31.99",
            "product_available_sizes":[0,1,2,3],
            "product_description":["Material: 70% Cotton/30% Polyester - Body; 100% Cotton - Hood Lining","Front pouch pocket","Midweight hoodie suitable for moderate temperatures","Machine wash, tumble dry low"],
            "product_reviews":["Product is really awesome!","Perfect fit!","Good color"],
            "product_discount_percentage":"30%",
            "product_color":[9]
        },
        "n_eastern":{
            "product_name":"Northeastern Champion Powerblend Sweatshirt",
            "product_link":"https://raw.githubusercontent.com/ajaymarampally/collegewear/main/src/img/hoodies/n_eastern.jpg",
            "product_rating":"3",
            "product_review_cnt":"3",
            "product_price":"$36.98",
            "product_available_sizes":[2,3,4],
            "product_description":["Rib knit at neck, cuffs and waistband","Machine wash, tumble dry low"],
            "product_reviews":["Product is really awesome!","Perfect fit!","Good color"],
            "product_discount_percentage":"10%",
            "product_color":[6]
        },
        "n_eastern_huskies":{
            "product_name":"Men's Colosseum Heathered Gray Northeastern Huskies Arch and Logo Pullover Hoodie",
            "product_link":"https://raw.githubusercontent.com/ajaymarampally/collegewear/main/src/img/hoodies/n_eastern_huskies.jpg",
            "product_rating":"4",
            "product_review_cnt":"4",
            "product_price":"$39.99",
            "product_available_sizes":[0,1,2],
            "product_description":["This Arch and Logo hoodie from Colosseum features a classic midweight design that makes it a great grab for staving off cooler temperatures.","Machine wash, tumble dry low"],
            "product_reviews":["Product is really awesome!","Perfect fit!","Good color"],
            "product_discount_percentage":"15%",
            "product_color":[5]
        },
        "ncsu":{
            "product_name":"NC State Wolfpack Victory Grey Wolfhead Hooded Sweatshirt",
            "product_link":"https://raw.githubusercontent.com/ajaymarampally/collegewear/main/src/img/hoodies/ncsu.webp",
            "product_rating":"4",
            "product_review_cnt":"4",
            "product_price":"$59.99",
            "product_available_sizes":[0,1,2,3,4],
            "product_description":["80% Cotton, 20% Polyester","Machine wash, tumble dry low","Features an attached hood with contrasting white drawstrings"],
            "product_reviews":["Product is really awesome!","Perfect fit!","Good color","Great fit!"],
            "product_discount_percentage":"10%",
            "product_color":[5]
        },
        "rit":{
            "product_name":"RIT Champion Powerblend Pullover Hoodie",
            "product_link":"https://raw.githubusercontent.com/ajaymarampally/collegewear/main/src/img/hoodies/rit.png",
            "product_rating":"4.5",
            "product_review_cnt":"3",
            "product_price":"$39.99",
            "product_available_sizes":[0,1,2,3,4],
            "product_description":["Double layer hood with drawcord Front pouch pocket","Machine wash, tumble dry low"],
            "product_reviews":["Product is really awesome!","Perfect fit!","Good color"],
            "product_discount_percentage":"20%",
            "product_color":[5]
        },
        "u_buffalo":{
            "product_name":"University at Buffalo Hooded Sweatshirt",
            "product_link":"https://raw.githubusercontent.com/ajaymarampally/collegewear/main/src/img/hoodies/u_buffalo.jpg",
            "product_rating":"4",
            "product_review_cnt":"3",
            "product_price":"$62.99",
            "product_available_sizes":[0,1,2,3,4],
            "product_description":["Bring it on! This campus hooded sweatshirt is built to withstand the daily grind.","Machine wash, tumble dry low"],
            "product_reviews":["Product is really awesome!","Perfect fit!","Good color"],
            "product_discount_percentage":"15%",
            "product_color":[5]
        },
        "u_florida":{
            "product_name":"Men's Colosseum Florida Gators Arch & Logo 3.0 Pullover Hoodie",
            "product_link":"https://raw.githubusercontent.com/ajaymarampally/collegewear/main/src/img/hoodies/u_florida.webp",
            "product_rating":"4",
            "product_review_cnt":"3",
            "product_price":"$31.99",
            "product_available_sizes":[0,1,2,3],
            "product_description":["Material: 70% Cotton/30% Polyester - Body; 100% Cotton - Hood Lining","Front pouch pocket","Midweight hoodie suitable for moderate temperatures","Machine wash, tumble dry low"],
            "product_reviews":["Product is really awesome!","Perfect fit!","Good color"],
            "product_discount_percentage":"25%",
            "product_color":[5]
        },
        "u_mass":{
            "product_name":"HOT DEALS UNIVERSITY OF MASSACHUSETTS HOODIE",
            "product_link":"https://raw.githubusercontent.com/ajaymarampally/collegewear/main/src/img/hoodies/u_mass.jpg",
            "product_rating":"4",
            "product_review_cnt":"3",
            "product_price":"$29.98",
            "product_available_sizes":[0,1,2,3,4],
            "product_description":["Unisex pullover hoodie in grey featuring printed across the chest.","50% Cotton 50% Polyester"],
            "product_reviews":["Product is really awesome!","Perfect fit!","Good color"],
            "product_discount_percentage":"10%",
            "product_color":[8]
        },
        "uc_davis":{
            "product_name":"UC Davis Split UCD Crew Neck Navy",
            "product_link":"https://raw.githubusercontent.com/ajaymarampally/collegewear/main/src/img/hoodies/uc_davis.jpg",
            "product_rating":"2.5",
            "product_review_cnt":"3",
            "product_price":"$51.99",
            "product_available_sizes":[0,1,2,3,4],
            "product_description":["Made of 55% Cotton and 45% Polyester for warm and soft feel.","Made by Blue 84","Machine wash, tumble dry low"],
            "product_reviews":["Product is really awesome!","Perfect fit!","Good color"],
            "product_discount_percentage":"10%",
            "product_color":[8]
        },
        "uc_san_diego":{
            "product_name":"UCSD Comfort Fleece Hood by MV Sport - Navy",
            "product_link":"https://raw.githubusercontent.com/ajaymarampally/collegewear/main/src/img/hoodies/uc_san.jpg",
            "product_rating":"3.5",
            "product_review_cnt":"3",
            "product_price":"$52.99",
            "product_available_sizes":[0,1,2,3,4],
            "product_description":["55% cotton, 45% polyester fleece","Rib knit cuffs & waistband","Pouch pocket"],
            "product_reviews":["Product is really awesome!","Perfect fit!","Good color"],
            "product_discount_percentage":"20%",
            "product_color":[7]
        },
        "uic":{
            "product_name":"UIC Flames Double Bar Pullover Hoodie - Navy",
            "product_link":"https://raw.githubusercontent.com/ajaymarampally/collegewear/main/src/img/hoodies/uic.jpg",
            "product_rating":"4.5",
            "product_review_cnt":"3",
            "product_price":"$44.99",
            "product_available_sizes":[0,1,2,3,4],
            "product_description":["Sizing Tip: Product runs small. We recommend ordering one size larger than you normally wear.","Material: 80% Cotton/20% Polyester","Midweight pullover hoodie with soft fleece lining"],
            "product_reviews":[ ],
            "product_discount_percentage":"25%",
            "product_color":[7]
        }
    }
}
